AppointmentID,PatientID,DoctorID,Date,EndTime,Status
A0001,P0001,D0001,11/7/2023 10:00,11/7/2023 11:15,Scheduled
A0002,P0002,D0002,11/8/2023 11:00,11/8/2023 12:06,Completed
A0003,P0003,D0003,11/9/2023 12:00,11/9/2023 1:21,Cancelled
A0004,P0002,D0001,11/10/2023 13:00,11/10/2023 14:17,Scheduled
A0005,P0005,D0002,11/11/2023 14:00,11/11/2023 15:45,Completed
A0006,P0006,D0003,11/12/2023 15:00,11/12/2023 16:15,Cancelled
A0007,P0007,D0001,11/13/2023 16:00,11/13/2023 17:09,Scheduled
A0008,P0008,D0002,11/14/2023 17:00,11/14/2023 18:29,Completed
A0009,P0004,D0003,11/15/2023 18:00,11/15/2023 19:11,Cancelled
A0010,P0010,D0001,11/16/2023 19:00,11/16/2023 20:05,Scheduled
